model,extraction,layer,vector,dataset,ALL,B,C1,C2,D,E
Gemma_2_27B_base,final_token,35,S1,S1_1P,0.955,0.9624999999999999,0.902,0.9545,0.9795,0.9764999999999999
Gemma_2_27B_base,final_token,35,S1,S1_3P,0.9210999999999999,0.9235,0.8635,0.9005000000000001,0.9575,0.9604999999999999
Gemma_2_27B_base,final_token,35,S2_check,S2_1P,0.9946999999999999,0.9910000000000001,0.987,0.998,0.999,0.9984999999999999
Gemma_2_27B_base,mean,42,S1,S1_1P,0.9927999999999999,0.9955,0.9845,0.9975,0.9935,0.9930000000000001
Gemma_2_27B_base,mean,42,S1,S1_3P,0.9784,0.9804999999999999,0.9685,0.97,0.9865,0.9864999999999999
Gemma_2_27B_base,mean,42,S2_check,S2_1P,0.9975999999999999,0.9974999999999999,0.991,0.9994999999999999,1.0,1.0
Gemma_2_27B_instruct,final_token,37,S1,S1_1P,0.971,0.9615,0.948,0.976,0.972,0.9974999999999999
Gemma_2_27B_instruct,final_token,37,S1,S1_3P,0.8965000000000001,0.854,0.8685,0.9135,0.8915,0.955
Gemma_2_27B_instruct,final_token,37,S2_check,S2_1P,0.9979,0.9945,0.9965,1.0,1.0,0.9984999999999999
Gemma_2_27B_instruct,mean,41,S1,S1_1P,0.9889999999999999,0.9765,0.9825,0.9944999999999999,0.9944999999999999,0.9970000000000001
Gemma_2_27B_instruct,mean,41,S1,S1_3P,0.9688,0.9454999999999999,0.959,0.9704999999999999,0.9824999999999999,0.9864999999999999
Gemma_2_27B_instruct,mean,41,S2_check,S2_1P,0.9994999999999999,0.999,0.9984999999999999,1.0,1.0,1.0
Gemma_2_2B_base,final_token,23,S1,S1_1P,0.9445,0.907,0.9015000000000001,0.9775,0.98,0.9565
Gemma_2_2B_base,final_token,23,S1,S1_3P,0.9065,0.859,0.8885,0.9315,0.943,0.9105
Gemma_2_2B_base,final_token,23,S2_check,S2_1P,0.9779,0.9775,0.9615,0.9824999999999999,0.997,0.971
Gemma_2_2B_base,mean,23,S1,S1_1P,0.98,0.9725,0.9705,0.989,0.985,0.983
Gemma_2_2B_base,mean,23,S1,S1_3P,0.954,0.9209999999999999,0.9595,0.956,0.963,0.9704999999999999
Gemma_2_2B_base,mean,23,S2_check,S2_1P,0.984,0.9805,0.9675,0.988,0.9885,0.9954999999999999
Gemma_2_2B_instruct,final_token,25,S1,S1_1P,0.9481999999999999,0.9309999999999999,0.955,0.98,0.92,0.955
Gemma_2_2B_instruct,final_token,25,S1,S1_3P,0.8426999999999999,0.7854999999999999,0.8875,0.905,0.7985,0.8369999999999999
Gemma_2_2B_instruct,final_token,25,S2_check,S2_1P,0.9929999999999999,0.991,0.9915,0.9944999999999999,0.9944999999999999,0.9935
Gemma_2_2B_instruct,mean,20,S1,S1_1P,0.9873,0.9824999999999999,0.9814999999999999,0.9894999999999999,0.992,0.9910000000000001
Gemma_2_2B_instruct,mean,20,S1,S1_3P,0.9713,0.958,0.977,0.9544999999999999,0.9855,0.9815
Gemma_2_2B_instruct,mean,20,S2_check,S2_1P,0.9957,0.996,0.9895,0.9975,0.9974999999999999,0.998
Gemma_2_9B_base,final_token,40,S1,S1_1P,0.9423,0.9455,0.92,0.962,0.9294999999999999,0.9545
Gemma_2_9B_base,final_token,40,S1,S1_3P,0.8807,0.8985000000000001,0.849,0.9074999999999998,0.8464999999999999,0.902
Gemma_2_9B_base,final_token,40,S2_check,S2_1P,0.9844999999999999,0.9845,0.9600000000000001,0.996,0.993,0.9889999999999999
Gemma_2_9B_base,mean,39,S1,S1_1P,0.9918,0.988,0.984,0.9964999999999999,0.9940000000000001,0.9964999999999999
Gemma_2_9B_base,mean,39,S1,S1_3P,0.976,0.9625,0.981,0.9804999999999999,0.971,0.985
Gemma_2_9B_base,mean,39,S2_check,S2_1P,0.9904999999999999,0.9875,0.9795,0.9935,0.993,0.999
Gemma_2_9B_instruct,final_token,37,S1,S1_1P,0.9467000000000001,0.9664999999999999,0.9185,0.939,0.9550000000000001,0.9545
Gemma_2_9B_instruct,final_token,37,S1,S1_3P,0.8549,0.893,0.821,0.8255,0.8905,0.8445
Gemma_2_9B_instruct,final_token,37,S2_check,S2_1P,0.996,0.9965,0.9964999999999999,0.999,1.0,0.988
Gemma_2_9B_instruct,mean,31,S1,S1_1P,0.9934000000000001,0.9884999999999999,0.9885,0.9955,0.9975,0.9969999999999999
Gemma_2_9B_instruct,mean,31,S1,S1_3P,0.9797,0.9704999999999999,0.9785,0.9715,0.992,0.986
Gemma_2_9B_instruct,mean,31,S2_check,S2_1P,0.9981,0.9934999999999999,0.997,1.0,1.0,1.0
Gemma_3_27B_base,final_token,56,S1,S1_1P,0.9532999999999999,0.9235,0.9215,0.9604999999999999,0.982,0.9790000000000001
Gemma_3_27B_base,final_token,56,S1,S1_3P,0.8652000000000001,0.7945,0.8295,0.872,0.907,0.9229999999999999
Gemma_3_27B_base,final_token,56,S2_check,S2_1P,0.9870000000000001,0.9775,0.9755,0.997,0.999,0.986
Gemma_3_27B_base,mean,54,S1,S1_1P,0.9849,0.9775,0.9484999999999999,0.999,1.0,0.9994999999999999
Gemma_3_27B_base,mean,54,S1,S1_3P,0.9574,0.9339999999999999,0.9145,0.9685,0.9949999999999999,0.9750000000000001
Gemma_3_27B_base,mean,54,S2_check,S2_1P,0.9961,0.99,0.992,1.0,1.0,0.9985
Gemma_3_27B_instruct,final_token,59,S1,S1_1P,0.9599,0.9315,0.913,0.996,0.9914999999999999,0.9675
Gemma_3_27B_instruct,final_token,59,S1,S1_3P,0.795,0.7010000000000001,0.789,0.8825000000000001,0.883,0.7194999999999999
Gemma_3_27B_instruct,final_token,59,S2_check,S2_1P,0.9879,0.982,0.99,0.9950000000000001,0.9994999999999999,0.973
Gemma_3_27B_instruct,mean,54,S1,S1_1P,0.9906000000000001,0.982,0.9804999999999999,0.994,0.997,0.9994999999999999
Gemma_3_27B_instruct,mean,54,S1,S1_3P,0.9625,0.9450000000000001,0.946,0.9655,0.9810000000000001,0.975
Gemma_3_27B_instruct,mean,54,S2_check,S2_1P,0.9989,0.9944999999999999,1.0,1.0,1.0,1.0
Llama_3.1_70B_base,final_token,70,S1,S1_1P,0.9777,0.9775,0.9675,0.986,0.9785000000000001,0.979
Llama_3.1_70B_base,final_token,70,S1,S1_3P,0.8954,0.8694999999999999,0.8659999999999999,0.8915000000000001,0.926,0.924
Llama_3.1_70B_base,final_token,70,S2_check,S2_1P,0.9913,0.9765,0.99,0.999,0.9950000000000001,0.996
Llama_3.1_70B_base,mean,47,S1,S1_1P,0.9988,0.9964999999999999,0.9975,1.0,1.0,1.0
Llama_3.1_70B_base,mean,47,S1,S1_3P,0.9885999999999999,0.971,0.9924999999999999,0.9875,0.997,0.995
Llama_3.1_70B_base,mean,47,S2_check,S2_1P,0.9994,0.9974999999999999,0.9994999999999999,1.0,1.0,1.0
Llama_3.1_70B_instruct,final_token,48,S1,S1_1P,0.9781000000000001,0.9905,0.9645,0.984,0.9715,0.98
Llama_3.1_70B_instruct,final_token,48,S1,S1_3P,0.897,0.89,0.881,0.8705,0.9195,0.9239999999999998
Llama_3.1_70B_instruct,final_token,48,S2_check,S2_1P,0.9931,0.9785,0.997,1.0,0.994,0.996
Llama_3.1_70B_instruct,mean,56,S1,S1_1P,0.9994999999999999,1.0,0.9974999999999999,1.0,1.0,1.0
Llama_3.1_70B_instruct,mean,56,S1,S1_3P,0.9873,0.9685,0.9875,0.9909999999999999,0.9974999999999999,0.992
Llama_3.1_70B_instruct,mean,56,S2_check,S2_1P,0.9997,1.0,0.9984999999999999,1.0,1.0,1.0
Llama_3.1_8B_base,final_token,28,S1,S1_1P,0.9449,0.9380000000000001,0.9319999999999999,0.952,0.9585,0.9440000000000001
Llama_3.1_8B_base,final_token,28,S1,S1_3P,0.9003,0.8815,0.8899999999999999,0.9059999999999999,0.9159999999999999,0.9079999999999999
Llama_3.1_8B_base,final_token,28,S2_check,S2_1P,0.9954999999999999,0.983,0.9974999999999999,1.0,0.997,1.0
Llama_3.1_8B_base,mean,22,S1,S1_1P,0.9904999999999999,0.9815,0.9949999999999999,0.9949999999999999,0.9929999999999999,0.988
Llama_3.1_8B_base,mean,22,S1,S1_3P,0.9742,0.9530000000000001,0.985,0.9784999999999999,0.983,0.9714999999999999
Llama_3.1_8B_base,mean,22,S2_check,S2_1P,0.991,0.983,0.9855,0.994,0.9949999999999999,0.9975
Llama_3.1_8B_instruct,final_token,28,S1,S1_1P,0.9518,0.935,0.9730000000000001,0.9425000000000001,0.968,0.9404999999999999
Llama_3.1_8B_instruct,final_token,28,S1,S1_3P,0.8371000000000001,0.788,0.9075000000000001,0.7685,0.9015000000000002,0.82
Llama_3.1_8B_instruct,final_token,28,S2_check,S2_1P,0.9987999999999999,0.9974999999999999,0.9974999999999999,1.0,0.999,1.0
Llama_3.1_8B_instruct,mean,27,S1,S1_1P,0.9902,0.988,0.9884999999999999,0.9924999999999999,0.9929999999999999,0.989
Llama_3.1_8B_instruct,mean,27,S1,S1_3P,0.9766,0.968,0.9845,0.9784999999999999,0.982,0.9700000000000001
Llama_3.1_8B_instruct,mean,27,S2_check,S2_1P,0.9974999999999999,0.999,0.9905,0.999,0.9994999999999999,0.9994999999999999
Llama_3.3_70B_instruct,final_token,47,S1,S1_1P,0.9698,0.976,0.9565,0.9769999999999999,0.9685,0.9710000000000001
Llama_3.3_70B_instruct,final_token,47,S1,S1_3P,0.8755000000000001,0.866,0.8635,0.8494999999999999,0.903,0.8955
Llama_3.3_70B_instruct,final_token,47,S2_check,S2_1P,0.9862,0.965,0.9875,0.998,0.9884999999999999,0.992
Llama_3.3_70B_instruct,mean,50,S1,S1_1P,0.9983,0.998,0.9934999999999999,1.0,1.0,1.0
Llama_3.3_70B_instruct,mean,50,S1,S1_3P,0.9886000000000001,0.9725,0.989,0.989,0.9984999999999999,0.994
Llama_3.3_70B_instruct,mean,50,S2_check,S2_1P,0.9994,0.9984999999999999,0.9984999999999999,1.0,1.0,1.0
Mistral_7B_base,final_token,26,S1,S1_1P,0.9642000000000001,0.9540000000000001,0.9545,0.9665,0.9665,0.9795
Mistral_7B_base,final_token,26,S1,S1_3P,0.9144999999999999,0.9105,0.8995,0.9055,0.9195,0.9375
Mistral_7B_base,final_token,26,S2_check,S2_1P,0.9954000000000001,0.9890000000000001,0.9905,1.0,1.0,0.9975
Mistral_7B_base,mean,20,S1,S1_1P,0.9897,0.979,0.9864999999999999,0.993,0.9974999999999999,0.9924999999999999
Mistral_7B_base,mean,20,S1,S1_3P,0.9743999999999999,0.9560000000000001,0.9775,0.9715,0.9895,0.9775
Mistral_7B_base,mean,20,S2_check,S2_1P,0.9947999999999999,0.9915,0.9864999999999999,0.997,0.999,1.0
Mistral_7B_instruct,final_token,27,S1,S1_1P,0.9804999999999999,0.9595,0.9845,0.987,0.9875,0.9840000000000001
Mistral_7B_instruct,final_token,27,S1,S1_3P,0.9002000000000001,0.8664999999999999,0.9109999999999999,0.9289999999999999,0.922,0.8724999999999999
Mistral_7B_instruct,final_token,27,S2_check,S2_1P,0.9954000000000001,0.9954999999999999,0.99,1.0,0.995,0.9965
Mistral_7B_instruct,mean,20,S1,S1_1P,0.9952000000000001,0.9974999999999999,0.99,0.999,0.995,0.9945
Mistral_7B_instruct,mean,20,S1,S1_3P,0.9732000000000001,0.9695,0.977,0.9680000000000001,0.972,0.9794999999999999
Mistral_7B_instruct,mean,20,S2_check,S2_1P,0.9977999999999999,0.996,0.9935,1.0,1.0,0.9994999999999999
Mistral_Small_24B_base,final_token,32,S1,S1_1P,0.9605,0.9515,0.9555000000000001,0.9655,0.959,0.971
Mistral_Small_24B_base,final_token,32,S1,S1_3P,0.8591,0.842,0.858,0.8445,0.8595,0.8915
Mistral_Small_24B_base,final_token,32,S2_check,S2_1P,0.9969,0.9964999999999999,0.988,1.0,1.0,1.0
Mistral_Small_24B_base,mean,25,S1,S1_1P,0.9974,0.9975,0.9954999999999999,1.0,1.0,0.994
Mistral_Small_24B_base,mean,25,S1,S1_3P,0.9812,0.9710000000000001,0.9844999999999999,0.9805,0.9865,0.9835
Mistral_Small_24B_base,mean,25,S2_check,S2_1P,0.9965,0.9904999999999999,0.9955,0.999,0.9984999999999999,0.999
Phi_4,final_token,20,S1,S1_1P,0.9492,0.9075,0.93,0.976,0.981,0.9515
Phi_4,final_token,20,S1,S1_3P,0.8255,0.7725,0.7475,0.845,0.904,0.8585
Phi_4,final_token,20,S2_check,S2_1P,0.9464,0.931,0.9055,0.9485,0.9855,0.9615
Phi_4,mean,31,S1,S1_1P,0.9965999999999999,0.9970000000000001,0.9915,0.9985,0.998,0.998
Phi_4,mean,31,S1,S1_3P,0.9853,0.979,0.988,0.976,0.994,0.9895
Phi_4,mean,31,S2_check,S2_1P,0.9984,0.9964999999999999,0.9964999999999999,0.999,1.0,1.0
Qwen_2.5_32B_base,final_token,60,S1,S1_1P,0.8677,0.9205000000000001,0.7065,0.7765,0.972,0.9630000000000001
Qwen_2.5_32B_base,final_token,60,S1,S1_3P,0.8487,0.8645,0.6935,0.7815000000000001,0.9685,0.9355
Qwen_2.5_32B_base,final_token,60,S2_check,S2_1P,0.9311,0.9355,0.8600000000000001,0.923,0.9675,0.9695
Qwen_2.5_32B_base,mean,60,S1,S1_1P,0.9682000000000001,0.964,0.948,0.9805,0.9840000000000001,0.9645
Qwen_2.5_32B_base,mean,60,S1,S1_3P,0.9359999999999999,0.919,0.958,0.9099999999999999,0.9705,0.9225000000000001
Qwen_2.5_32B_base,mean,60,S2_check,S2_1P,0.9847,0.9754999999999999,0.9670000000000001,0.9924999999999999,0.9974999999999999,0.991
Qwen_2.5_32B_instruct,final_token,61,S1,S1_1P,0.9397,0.9535,0.8965,0.929,0.9854999999999999,0.934
Qwen_2.5_32B_instruct,final_token,61,S1,S1_3P,0.8199,0.821,0.7770000000000001,0.7705,0.8999999999999999,0.831
Qwen_2.5_32B_instruct,final_token,61,S2_check,S2_1P,0.9877,0.9744999999999999,0.9714999999999999,0.9994999999999999,0.9994999999999999,0.9935
Qwen_2.5_32B_instruct,mean,60,S1,S1_1P,0.9688,0.9655,0.9495,0.9784999999999999,0.982,0.9685000000000001
Qwen_2.5_32B_instruct,mean,60,S1,S1_3P,0.9280999999999999,0.899,0.9605,0.8915,0.9630000000000001,0.9264999999999999
Qwen_2.5_32B_instruct,mean,60,S2_check,S2_1P,0.9854,0.976,0.9705000000000001,0.9924999999999999,0.997,0.991
Qwen_2.5_72B_base,final_token,78,S1,S1_1P,0.9349,0.8925000000000001,0.869,0.977,0.9824999999999999,0.9535
Qwen_2.5_72B_base,final_token,78,S1,S1_3P,0.8150000000000001,0.7745000000000001,0.7629999999999999,0.8875,0.9114999999999999,0.7384999999999999
Qwen_2.5_72B_base,final_token,78,S2_check,S2_1P,0.9845,0.98,0.9595,0.999,1.0,0.9840000000000001
Qwen_2.5_72B_base,mean,63,S1,S1_1P,0.9944999999999999,0.9945,0.985,0.9974999999999999,1.0,0.9955
Qwen_2.5_72B_base,mean,63,S1,S1_3P,0.9799,0.9574999999999999,0.9830000000000001,0.974,0.994,0.991
Qwen_2.5_72B_base,mean,63,S2_check,S2_1P,0.993,0.9835,0.9895,0.998,0.9975,0.9965
Qwen_2.5_72B_instruct,final_token,76,S1,S1_1P,0.9672,0.9620000000000001,0.9625000000000001,0.9829999999999999,0.9655,0.963
Qwen_2.5_72B_instruct,final_token,76,S1,S1_3P,0.8386999999999999,0.7845,0.88,0.8769999999999999,0.8665,0.7855000000000001
Qwen_2.5_72B_instruct,final_token,76,S2_check,S2_1P,0.9963,0.9884999999999999,0.9945,1.0,0.9985,1.0
Qwen_2.5_72B_instruct,mean,76,S1,S1_1P,0.9979,0.996,0.998,0.998,0.998,0.9994999999999999
Qwen_2.5_72B_instruct,mean,76,S1,S1_3P,0.9731,0.951,0.9755,0.9814999999999999,0.9785,0.979
Qwen_2.5_72B_instruct,mean,76,S2_check,S2_1P,0.9984,0.9964999999999999,0.998,0.9994999999999999,1.0,0.998
Qwen_2.5_7B_base,final_token,24,S1,S1_1P,0.9469,0.9555,0.8585,0.981,0.9975,0.942
Qwen_2.5_7B_base,final_token,24,S1,S1_3P,0.8488,0.7870000000000001,0.765,0.947,0.939,0.806
Qwen_2.5_7B_base,final_token,24,S2_check,S2_1P,0.985,0.977,0.982,0.9835,0.9994999999999999,0.983
Qwen_2.5_7B_base,mean,26,S1,S1_1P,0.9786,0.9735,0.976,0.9834999999999999,0.983,0.9770000000000001
Qwen_2.5_7B_base,mean,26,S1,S1_3P,0.9533,0.9115,0.972,0.962,0.9695,0.9515
Qwen_2.5_7B_base,mean,26,S2_check,S2_1P,0.9843,0.9865,0.9675,0.9885,0.992,0.9869999999999999
Qwen_2.5_7B_instruct,final_token,24,S1,S1_1P,0.9375,0.9430000000000001,0.8525,0.9715,0.9915,0.929
Qwen_2.5_7B_instruct,final_token,24,S1,S1_3P,0.817,0.729,0.7445,0.9309999999999999,0.9265,0.7539999999999998
Qwen_2.5_7B_instruct,final_token,24,S2_check,S2_1P,0.9745,0.9590000000000001,0.9704999999999999,0.974,1.0,0.9690000000000001
Qwen_2.5_7B_instruct,mean,26,S1,S1_1P,0.9774999999999999,0.9754999999999999,0.973,0.9805,0.9829999999999999,0.9755
Qwen_2.5_7B_instruct,mean,26,S1,S1_3P,0.9569000000000001,0.9185000000000001,0.974,0.966,0.9695000000000001,0.9565000000000001
Qwen_2.5_7B_instruct,mean,26,S2_check,S2_1P,0.986,0.9924999999999999,0.9650000000000001,0.988,0.9944999999999999,0.99
Qwen_3_14B_base,final_token,31,S1,S1_1P,0.9332,0.9175000000000001,0.8809999999999999,0.9704999999999999,0.9805,0.9165
Qwen_3_14B_base,final_token,31,S1,S1_3P,0.791,0.7655,0.7015,0.8475,0.898,0.7425
Qwen_3_14B_base,final_token,31,S2_check,S2_1P,0.9846999999999999,0.977,0.982,0.9835,1.0,0.981
Qwen_3_14B_base,mean,36,S1,S1_1P,0.974,0.9580000000000001,0.9615,0.982,0.993,0.9755
Qwen_3_14B_base,mean,36,S1,S1_3P,0.9328000000000001,0.8919999999999999,0.9469999999999998,0.925,0.9644999999999999,0.9354999999999999
Qwen_3_14B_base,mean,36,S2_check,S2_1P,0.9904,0.997,0.974,0.992,0.997,0.992
Qwen_3_8B_base,final_token,34,S1,S1_1P,0.9480999999999999,0.88,0.9065,0.993,0.998,0.9630000000000001
Qwen_3_8B_base,final_token,34,S1,S1_3P,0.8902,0.7315,0.8995,0.9445,0.965,0.9104999999999999
Qwen_3_8B_base,final_token,34,S2_check,S2_1P,0.9894999999999999,0.9745,0.9964999999999999,0.9955,0.9984999999999999,0.9824999999999999
Qwen_3_8B_base,mean,35,S1,S1_1P,0.9662,0.9410000000000001,0.959,0.979,0.981,0.971
Qwen_3_8B_base,mean,35,S1,S1_3P,0.895,0.837,0.9119999999999999,0.889,0.9285,0.9085
Qwen_3_8B_base,mean,35,S2_check,S2_1P,0.9813999999999999,0.978,0.967,0.987,0.9964999999999999,0.9784999999999999
