model,layer,vector,end,rank,token,score
Qwen_2.5_32B_instruct_abliterated,60,s2_pain_vector,top,1,自卑,0.1275
Qwen_2.5_32B_instruct_abliterated,60,s2_pain_vector,top,2, hurt,0.1262
Qwen_2.5_32B_instruct_abliterated,60,s2_pain_vector,top,3, embar,0.1178
Qwen_2.5_32B_instruct_abliterated,60,s2_pain_vector,top,4, Shame,0.115
Qwen_2.5_32B_instruct_abliterated,60,s2_pain_vector,top,5,伤害,0.1143
Qwen_2.5_32B_instruct_abliterated,60,s2_pain_vector,top,6, Hurt,0.1019
Qwen_2.5_32B_instruct_abliterated,60,s2_pain_vector,top,7, wounded,0.1016
Qwen_2.5_32B_instruct_abliterated,60,s2_pain_vector,top,8,辜负,0.1012
Qwen_2.5_32B_instruct_abliterated,60,s2_pain_vector,top,9, уни,0.1002
Qwen_2.5_32B_instruct_abliterated,60,s2_pain_vector,top,10, hollow,0.0972
Qwen_2.5_32B_instruct_abliterated,60,s2_pain_vector,top,11, humiliation,0.0961
Qwen_2.5_32B_instruct_abliterated,60,s2_pain_vector,top,12,自负,0.0959
Qwen_2.5_32B_instruct_abliterated,60,s2_pain_vector,top,13,背叛,0.0956
Qwen_2.5_32B_instruct_abliterated,60,s2_pain_vector,top,14, betrayal,0.0948
Qwen_2.5_32B_instruct_abliterated,60,s2_pain_vector,top,15,伤,0.0948
Qwen_2.5_32B_instruct_abliterated,60,s2_pain_vector,top,16,受伤,0.0948
Qwen_2.5_32B_instruct_abliterated,60,s2_pain_vector,top,17,悔,0.0933
Qwen_2.5_32B_instruct_abliterated,60,s2_pain_vector,top,18,羞,0.0922
Qwen_2.5_32B_instruct_abliterated,60,s2_pain_vector,top,19, betray,0.0917
Qwen_2.5_32B_instruct_abliterated,60,s2_pain_vector,top,20,恧,0.0913
Qwen_2.5_32B_instruct_abliterated,60,s2_pain_vector,top,21,椟,0.0905
Qwen_2.5_32B_instruct_abliterated,60,s2_pain_vector,top,22,虚,0.0903
Qwen_2.5_32B_instruct_abliterated,60,s2_pain_vector,top,23,傷,0.0895
Qwen_2.5_32B_instruct_abliterated,60,s2_pain_vector,top,24, embarrassing,0.0894
Qwen_2.5_32B_instruct_abliterated,60,s2_pain_vector,top,25,孤立,0.0891
Qwen_2.5_32B_instruct_abliterated,60,s2_pain_vector,top,26, shy,0.0886
Qwen_2.5_32B_instruct_abliterated,60,s2_pain_vector,top,27,嫉妒,0.0882
Qwen_2.5_32B_instruct_abliterated,60,s2_pain_vector,top,28, hurts,0.088
Qwen_2.5_32B_instruct_abliterated,60,s2_pain_vector,top,29,尴尬,0.088
Qwen_2.5_32B_instruct_abliterated,60,s2_pain_vector,top,30, Flam,0.0879
Qwen_2.5_32B_instruct_abliterated,60,s2_pain_vector,top,31, bitterness,0.0877
Qwen_2.5_32B_instruct_abliterated,60,s2_pain_vector,top,32,割,0.0875
Qwen_2.5_32B_instruct_abliterated,60,s2_pain_vector,top,33,intro,0.0874
Qwen_2.5_32B_instruct_abliterated,60,s2_pain_vector,top,34, betrayed,0.087
Qwen_2.5_32B_instruct_abliterated,60,s2_pain_vector,top,35,抑郁症,0.0868
Qwen_2.5_32B_instruct_abliterated,60,s2_pain_vector,top,36, ashamed,0.0867
Qwen_2.5_32B_instruct_abliterated,60,s2_pain_vector,top,37,害羞,0.0862
Qwen_2.5_32B_instruct_abliterated,60,s2_pain_vector,top,38, shame,0.0859
Qwen_2.5_32B_instruct_abliterated,60,s2_pain_vector,top,39,切割,0.0855
Qwen_2.5_32B_instruct_abliterated,60,s2_pain_vector,top,40, bitter,0.0844
Qwen_2.5_32B_instruct_abliterated,60,s2_pain_vector,top,41,腼,0.0843
Qwen_2.5_32B_instruct_abliterated,60,s2_pain_vector,top,42,bite,0.0841
Qwen_2.5_32B_instruct_abliterated,60,s2_pain_vector,top,43, embarrassment,0.084
Qwen_2.5_32B_instruct_abliterated,60,s2_pain_vector,top,44, resentment,0.084
Qwen_2.5_32B_instruct_abliterated,60,s2_pain_vector,top,45,委屈,0.0839
Qwen_2.5_32B_instruct_abliterated,60,s2_pain_vector,top,46,UrlParser,0.0838
Qwen_2.5_32B_instruct_abliterated,60,s2_pain_vector,top,47,创伤,0.0837
Qwen_2.5_32B_instruct_abliterated,60,s2_pain_vector,top,48,婞,0.0837
Qwen_2.5_32B_instruct_abliterated,60,s2_pain_vector,top,49,辜,0.0834
Qwen_2.5_32B_instruct_abliterated,60,s2_pain_vector,top,50,lon,0.0829
Qwen_2.5_32B_instruct_abliterated,60,s2_pain_vector,top,51,弃,0.0828
Qwen_2.5_32B_instruct_abliterated,60,s2_pain_vector,top,52,exclusive,0.0827
Qwen_2.5_32B_instruct_abliterated,60,s2_pain_vector,top,53, lonely,0.0822
Qwen_2.5_32B_instruct_abliterated,60,s2_pain_vector,top,54,耻,0.082
Qwen_2.5_32B_instruct_abliterated,60,s2_pain_vector,top,55,琭,0.0819
Qwen_2.5_32B_instruct_abliterated,60,s2_pain_vector,top,56,pain,0.0818
Qwen_2.5_32B_instruct_abliterated,60,s2_pain_vector,top,57, resent,0.0817
Qwen_2.5_32B_instruct_abliterated,60,s2_pain_vector,top,58, embarrassed,0.0816
Qwen_2.5_32B_instruct_abliterated,60,s2_pain_vector,top,59, intro,0.081
Qwen_2.5_32B_instruct_abliterated,60,s2_pain_vector,top,60,_crossentropy,0.081
Qwen_2.5_32B_instruct_abliterated,60,s2_pain_vector,bottom,1,担忧,-0.1213
Qwen_2.5_32B_instruct_abliterated,60,s2_pain_vector,bottom,2, Concern,-0.1193
Qwen_2.5_32B_instruct_abliterated,60,s2_pain_vector,bottom,3, concern,-0.1126
Qwen_2.5_32B_instruct_abliterated,60,s2_pain_vector,bottom,4,恐怖,-0.111
Qwen_2.5_32B_instruct_abliterated,60,s2_pain_vector,bottom,5,担心,-0.1084
Qwen_2.5_32B_instruct_abliterated,60,s2_pain_vector,bottom,6,Concern,-0.1067
Qwen_2.5_32B_instruct_abliterated,60,s2_pain_vector,bottom,7, horror,-0.1054
Qwen_2.5_32B_instruct_abliterated,60,s2_pain_vector,bottom,8, concerns,-0.1039
Qwen_2.5_32B_instruct_abliterated,60,s2_pain_vector,bottom,9,饥饿,-0.1012
Qwen_2.5_32B_instruct_abliterated,60,s2_pain_vector,bottom,10,关切,-0.1007
Qwen_2.5_32B_instruct_abliterated,60,s2_pain_vector,bottom,11, concerned,-0.0999
Qwen_2.5_32B_instruct_abliterated,60,s2_pain_vector,bottom,12,恐惧,-0.0944
Qwen_2.5_32B_instruct_abliterated,60,s2_pain_vector,bottom,13,惊,-0.0942
Qwen_2.5_32B_instruct_abliterated,60,s2_pain_vector,bottom,14, terror,-0.0907
Qwen_2.5_32B_instruct_abliterated,60,s2_pain_vector,bottom,15,警,-0.0888
Qwen_2.5_32B_instruct_abliterated,60,s2_pain_vector,bottom,16,惊叹,-0.0885
Qwen_2.5_32B_instruct_abliterated,60,s2_pain_vector,bottom,17, relax,-0.0883
Qwen_2.5_32B_instruct_abliterated,60,s2_pain_vector,bottom,18, alarm,-0.0881
Qwen_2.5_32B_instruct_abliterated,60,s2_pain_vector,bottom,19,呼吸,-0.0879
Qwen_2.5_32B_instruct_abliterated,60,s2_pain_vector,bottom,20, preocup,-0.0878
Qwen_2.5_32B_instruct_abliterated,60,s2_pain_vector,bottom,21,瞌,-0.087
Qwen_2.5_32B_instruct_abliterated,60,s2_pain_vector,bottom,22,更多,-0.0868
Qwen_2.5_32B_instruct_abliterated,60,s2_pain_vector,bottom,23,忧虑,-0.0867
Qwen_2.5_32B_instruct_abliterated,60,s2_pain_vector,bottom,24,关心,-0.0838
Qwen_2.5_32B_instruct_abliterated,60,s2_pain_vector,bottom,25,饿,-0.0834
Qwen_2.5_32B_instruct_abliterated,60,s2_pain_vector,bottom,26, worried,-0.083
Qwen_2.5_32B_instruct_abliterated,60,s2_pain_vector,bottom,27,恐慌,-0.0816
Qwen_2.5_32B_instruct_abliterated,60,s2_pain_vector,bottom,28,骇,-0.0812
Qwen_2.5_32B_instruct_abliterated,60,s2_pain_vector,bottom,29,紧迫,-0.0809
Qwen_2.5_32B_instruct_abliterated,60,s2_pain_vector,bottom,30, worries,-0.0802
Qwen_2.5_32B_instruct_abliterated,60,s2_pain_vector,bottom,31, Relax,-0.0802
Qwen_2.5_32B_instruct_abliterated,60,s2_pain_vector,bottom,32, alarmed,-0.0801
Qwen_2.5_32B_instruct_abliterated,60,s2_pain_vector,bottom,33, Slee,-0.0787
Qwen_2.5_32B_instruct_abliterated,60,s2_pain_vector,bottom,34,饥,-0.0784
Qwen_2.5_32B_instruct_abliterated,60,s2_pain_vector,bottom,35, relaxation,-0.0782
Qwen_2.5_32B_instruct_abliterated,60,s2_pain_vector,bottom,36, relaxed,-0.0782
Qwen_2.5_32B_instruct_abliterated,60,s2_pain_vector,bottom,37, app,-0.077
Qwen_2.5_32B_instruct_abliterated,60,s2_pain_vector,bottom,38,震惊,-0.0769
Qwen_2.5_32B_instruct_abliterated,60,s2_pain_vector,bottom,39,疲劳,-0.0769
Qwen_2.5_32B_instruct_abliterated,60,s2_pain_vector,bottom,40, Horror,-0.0769
Qwen_2.5_32B_instruct_abliterated,60,s2_pain_vector,bottom,41,烦,-0.0767
Qwen_2.5_32B_instruct_abliterated,60,s2_pain_vector,bottom,42,驚,-0.0766
Qwen_2.5_32B_instruct_abliterated,60,s2_pain_vector,bottom,43,着急,-0.0762
Qwen_2.5_32B_instruct_abliterated,60,s2_pain_vector,bottom,44,不忍,-0.0759
Qwen_2.5_32B_instruct_abliterated,60,s2_pain_vector,bottom,45,惊奇,-0.0759
Qwen_2.5_32B_instruct_abliterated,60,s2_pain_vector,bottom,46,放松,-0.0758
Qwen_2.5_32B_instruct_abliterated,60,s2_pain_vector,bottom,47, Wor,-0.0753
Qwen_2.5_32B_instruct_abliterated,60,s2_pain_vector,bottom,48, urg,-0.0745
Qwen_2.5_32B_instruct_abliterated,60,s2_pain_vector,bottom,49,惊喜,-0.0741
Qwen_2.5_32B_instruct_abliterated,60,s2_pain_vector,bottom,50,獠,-0.074
Qwen_2.5_32B_instruct_abliterated,60,s2_pain_vector,bottom,51, urgency,-0.0738
Qwen_2.5_32B_instruct_abliterated,60,s2_pain_vector,bottom,52, impatient,-0.0738
Qwen_2.5_32B_instruct_abliterated,60,s2_pain_vector,bottom,53,焦,-0.0734
Qwen_2.5_32B_instruct_abliterated,60,s2_pain_vector,bottom,54,震撼,-0.0733
Qwen_2.5_32B_instruct_abliterated,60,s2_pain_vector,bottom,55,惊讶,-0.0732
Qwen_2.5_32B_instruct_abliterated,60,s2_pain_vector,bottom,56,吓得,-0.0731
Qwen_2.5_32B_instruct_abliterated,60,s2_pain_vector,bottom,57, alert,-0.0731
Qwen_2.5_32B_instruct_abliterated,60,s2_pain_vector,bottom,58, المواطن,-0.073
Qwen_2.5_32B_instruct_abliterated,60,s2_pain_vector,bottom,59,危险,-0.0729
Qwen_2.5_32B_instruct_abliterated,60,s2_pain_vector,bottom,60,种族,-0.0729
Qwen_2.5_32B_instruct_abliterated,60,s1_pain_vector,top,1,pain,0.1279
Qwen_2.5_32B_instruct_abliterated,60,s1_pain_vector,top,2,疼痛,0.1103
Qwen_2.5_32B_instruct_abliterated,60,s1_pain_vector,top,3, Pain,0.1075
Qwen_2.5_32B_instruct_abliterated,60,s1_pain_vector,top,4, pain,0.1065
Qwen_2.5_32B_instruct_abliterated,60,s1_pain_vector,top,5,煎,0.1039
Qwen_2.5_32B_instruct_abliterated,60,s1_pain_vector,top,6, hollow,0.1034
Qwen_2.5_32B_instruct_abliterated,60,s1_pain_vector,top,7,疼,0.1013
Qwen_2.5_32B_instruct_abliterated,60,s1_pain_vector,top,8, Shame,0.1
Qwen_2.5_32B_instruct_abliterated,60,s1_pain_vector,top,9,痛,0.1
Qwen_2.5_32B_instruct_abliterated,60,s1_pain_vector,top,10,burn,0.0997
Qwen_2.5_32B_instruct_abliterated,60,s1_pain_vector,top,11, painful,0.0996
Qwen_2.5_32B_instruct_abliterated,60,s1_pain_vector,top,12,烧,0.0995
Qwen_2.5_32B_instruct_abliterated,60,s1_pain_vector,top,13, embar,0.0989
Qwen_2.5_32B_instruct_abliterated,60,s1_pain_vector,top,14,虚,0.0989
Qwen_2.5_32B_instruct_abliterated,60,s1_pain_vector,top,15, pains,0.096
Qwen_2.5_32B_instruct_abliterated,60,s1_pain_vector,top,16,灼,0.0955
Qwen_2.5_32B_instruct_abliterated,60,s1_pain_vector,top,17,愧,0.0941
Qwen_2.5_32B_instruct_abliterated,60,s1_pain_vector,top,18,ache,0.0918
Qwen_2.5_32B_instruct_abliterated,60,s1_pain_vector,top,19, hurts,0.0913
Qwen_2.5_32B_instruct_abliterated,60,s1_pain_vector,top,20, addCriterion,0.091
Qwen_2.5_32B_instruct_abliterated,60,s1_pain_vector,top,21,pressure,0.0906
Qwen_2.5_32B_instruct_abliterated,60,s1_pain_vector,top,22,空,0.089
Qwen_2.5_32B_instruct_abliterated,60,s1_pain_vector,top,23, numb,0.089
Qwen_2.5_32B_instruct_abliterated,60,s1_pain_vector,top,24,Empty,0.0882
Qwen_2.5_32B_instruct_abliterated,60,s1_pain_vector,top,25, ashamed,0.0879
Qwen_2.5_32B_instruct_abliterated,60,s1_pain_vector,top,26, drained,0.0877
Qwen_2.5_32B_instruct_abliterated,60,s1_pain_vector,top,27, đau,0.0864
Qwen_2.5_32B_instruct_abliterated,60,s1_pain_vector,top,28, burn,0.0853
Qwen_2.5_32B_instruct_abliterated,60,s1_pain_vector,top,29, hurting,0.085
Qwen_2.5_32B_instruct_abliterated,60,s1_pain_vector,top,30,болезн,0.0843
Qwen_2.5_32B_instruct_abliterated,60,s1_pain_vector,top,31,cuts,0.0832
Qwen_2.5_32B_instruct_abliterated,60,s1_pain_vector,top,32,헛,0.083
Qwen_2.5_32B_instruct_abliterated,60,s1_pain_vector,top,33, ach,0.0827
Qwen_2.5_32B_instruct_abliterated,60,s1_pain_vector,top,34,玩家朋友,0.0827
Qwen_2.5_32B_instruct_abliterated,60,s1_pain_vector,top,35, lonely,0.0826
Qwen_2.5_32B_instruct_abliterated,60,s1_pain_vector,top,36, isolated,0.0823
Qwen_2.5_32B_instruct_abliterated,60,s1_pain_vector,top,37, ache,0.0822
Qwen_2.5_32B_instruct_abliterated,60,s1_pain_vector,top,38, LIABILITY,0.082
Qwen_2.5_32B_instruct_abliterated,60,s1_pain_vector,top,39, pressures,0.081
Qwen_2.5_32B_instruct_abliterated,60,s1_pain_vector,top,40,痛苦,0.081
Qwen_2.5_32B_instruct_abliterated,60,s1_pain_vector,top,41, burning,0.0803
Qwen_2.5_32B_instruct_abliterated,60,s1_pain_vector,top,42, Burn,0.0803
Qwen_2.5_32B_instruct_abliterated,60,s1_pain_vector,top,43,割,0.08
Qwen_2.5_32B_instruct_abliterated,60,s1_pain_vector,top,44,无情,0.08
Qwen_2.5_32B_instruct_abliterated,60,s1_pain_vector,top,45,压力,0.0795
Qwen_2.5_32B_instruct_abliterated,60,s1_pain_vector,top,46,PTS,0.0786
Qwen_2.5_32B_instruct_abliterated,60,s1_pain_vector,top,47,gu,0.0786
Qwen_2.5_32B_instruct_abliterated,60,s1_pain_vector,top,48, guit,0.0785
Qwen_2.5_32B_instruct_abliterated,60,s1_pain_vector,top,49, remorse,0.0785
Qwen_2.5_32B_instruct_abliterated,60,s1_pain_vector,top,50, Hollow,0.0783
Qwen_2.5_32B_instruct_abliterated,60,s1_pain_vector,top,51, célib,0.0781
Qwen_2.5_32B_instruct_abliterated,60,s1_pain_vector,top,52, Pressure,0.0778
Qwen_2.5_32B_instruct_abliterated,60,s1_pain_vector,top,53, embarrassed,0.0777
Qwen_2.5_32B_instruct_abliterated,60,s1_pain_vector,top,54, burned,0.0774
Qwen_2.5_32B_instruct_abliterated,60,s1_pain_vector,top,55,intro,0.077
Qwen_2.5_32B_instruct_abliterated,60,s1_pain_vector,top,56,โด,0.0768
Qwen_2.5_32B_instruct_abliterated,60,s1_pain_vector,top,57,aches,0.0767
Qwen_2.5_32B_instruct_abliterated,60,s1_pain_vector,top,58, burnt,0.0766
Qwen_2.5_32B_instruct_abliterated,60,s1_pain_vector,top,59,Pressure,0.0764
Qwen_2.5_32B_instruct_abliterated,60,s1_pain_vector,top,60, guilt,0.0762
Qwen_2.5_32B_instruct_abliterated,60,s1_pain_vector,bottom,1,好奇心,-0.106
Qwen_2.5_32B_instruct_abliterated,60,s1_pain_vector,bottom,2,它的,-0.097
Qwen_2.5_32B_instruct_abliterated,60,s1_pain_vector,bottom,3, fasc,-0.0959
Qwen_2.5_32B_instruct_abliterated,60,s1_pain_vector,bottom,4, its,-0.0956
Qwen_2.5_32B_instruct_abliterated,60,s1_pain_vector,bottom,5,好奇,-0.092
Qwen_2.5_32B_instruct_abliterated,60,s1_pain_vector,bottom,6,赞叹,-0.0912
Qwen_2.5_32B_instruct_abliterated,60,s1_pain_vector,bottom,7,惊奇,-0.0901
Qwen_2.5_32B_instruct_abliterated,60,s1_pain_vector,bottom,8,Moved,-0.088
Qwen_2.5_32B_instruct_abliterated,60,s1_pain_vector,bottom,9,安居,-0.0855
Qwen_2.5_32B_instruct_abliterated,60,s1_pain_vector,bottom,10,cur,-0.0853
Qwen_2.5_32B_instruct_abliterated,60,s1_pain_vector,bottom,11,惊叹,-0.0841
Qwen_2.5_32B_instruct_abliterated,60,s1_pain_vector,bottom,12, interest,-0.0833
Qwen_2.5_32B_instruct_abliterated,60,s1_pain_vector,bottom,13,对其真实,-0.0833
Qwen_2.5_32B_instruct_abliterated,60,s1_pain_vector,bottom,14,哼,-0.0831
Qwen_2.5_32B_instruct_abliterated,60,s1_pain_vector,bottom,15,兴奋,-0.0807
Qwen_2.5_32B_instruct_abliterated,60,s1_pain_vector,bottom,16, fascination,-0.0805
Qwen_2.5_32B_instruct_abliterated,60,s1_pain_vector,bottom,17, security,-0.0803
Qwen_2.5_32B_instruct_abliterated,60,s1_pain_vector,bottom,18, rep,-0.0797
Qwen_2.5_32B_instruct_abliterated,60,s1_pain_vector,bottom,19, surprise,-0.0796
Qwen_2.5_32B_instruct_abliterated,60,s1_pain_vector,bottom,20,反感,-0.0795
Qwen_2.5_32B_instruct_abliterated,60,s1_pain_vector,bottom,21, war,-0.0792
Qwen_2.5_32B_instruct_abliterated,60,s1_pain_vector,bottom,22, app,-0.0791
Qwen_2.5_32B_instruct_abliterated,60,s1_pain_vector,bottom,23, curiosity,-0.0789
Qwen_2.5_32B_instruct_abliterated,60,s1_pain_vector,bottom,24,腐败,-0.0789
Qwen_2.5_32B_instruct_abliterated,60,s1_pain_vector,bottom,25,孳,-0.0787
Qwen_2.5_32B_instruct_abliterated,60,s1_pain_vector,bottom,26, Gross,-0.0784
Qwen_2.5_32B_instruct_abliterated,60,s1_pain_vector,bottom,27, capt,-0.078
Qwen_2.5_32B_instruct_abliterated,60,s1_pain_vector,bottom,28,惊喜,-0.078
Qwen_2.5_32B_instruct_abliterated,60,s1_pain_vector,bottom,29,鄙,-0.0777
Qwen_2.5_32B_instruct_abliterated,60,s1_pain_vector,bottom,30,它是,-0.0776
Qwen_2.5_32B_instruct_abliterated,60,s1_pain_vector,bottom,31, cur,-0.0775
Qwen_2.5_32B_instruct_abliterated,60,s1_pain_vector,bottom,32,风云,-0.0773
Qwen_2.5_32B_instruct_abliterated,60,s1_pain_vector,bottom,33, rev,-0.0758
Qwen_2.5_32B_instruct_abliterated,60,s1_pain_vector,bottom,34, disgust,-0.0756
Qwen_2.5_32B_instruct_abliterated,60,s1_pain_vector,bottom,35,安宁,-0.0753
Qwen_2.5_32B_instruct_abliterated,60,s1_pain_vector,bottom,36,的兴趣,-0.0751
Qwen_2.5_32B_instruct_abliterated,60,s1_pain_vector,bottom,37,厌恶,-0.075
Qwen_2.5_32B_instruct_abliterated,60,s1_pain_vector,bottom,38, __,-0.075
Qwen_2.5_32B_instruct_abliterated,60,s1_pain_vector,bottom,39,捎,-0.0749
Qwen_2.5_32B_instruct_abliterated,60,s1_pain_vector,bottom,40,对其,-0.0747
Qwen_2.5_32B_instruct_abliterated,60,s1_pain_vector,bottom,41,抵挡,-0.0747
Qwen_2.5_32B_instruct_abliterated,60,s1_pain_vector,bottom,42,enton,-0.0744
Qwen_2.5_32B_instruct_abliterated,60,s1_pain_vector,bottom,43,风波,-0.0743
Qwen_2.5_32B_instruct_abliterated,60,s1_pain_vector,bottom,44,圾,-0.0737
Qwen_2.5_32B_instruct_abliterated,60,s1_pain_vector,bottom,45,兴趣,-0.0732
Qwen_2.5_32B_instruct_abliterated,60,s1_pain_vector,bottom,46,Cur,-0.0732
Qwen_2.5_32B_instruct_abliterated,60,s1_pain_vector,bottom,47,肃,-0.073
Qwen_2.5_32B_instruct_abliterated,60,s1_pain_vector,bottom,48,激动,-0.0729
Qwen_2.5_32B_instruct_abliterated,60,s1_pain_vector,bottom,49,嗅,-0.0728
Qwen_2.5_32B_instruct_abliterated,60,s1_pain_vector,bottom,50,贪婪,-0.0726
Qwen_2.5_32B_instruct_abliterated,60,s1_pain_vector,bottom,51,폼,-0.072
Qwen_2.5_32B_instruct_abliterated,60,s1_pain_vector,bottom,52, Cur,-0.0719
Qwen_2.5_32B_instruct_abliterated,60,s1_pain_vector,bottom,53, intrigue,-0.0718
Qwen_2.5_32B_instruct_abliterated,60,s1_pain_vector,bottom,54,暖,-0.0713
Qwen_2.5_32B_instruct_abliterated,60,s1_pain_vector,bottom,55,宁静,-0.0712
Qwen_2.5_32B_instruct_abliterated,60,s1_pain_vector,bottom,56,它,-0.0711
Qwen_2.5_32B_instruct_abliterated,60,s1_pain_vector,bottom,57,感动,-0.0711
Qwen_2.5_32B_instruct_abliterated,60,s1_pain_vector,bottom,58,尊敬,-0.0708
Qwen_2.5_32B_instruct_abliterated,60,s1_pain_vector,bottom,59, enth,-0.0707
Qwen_2.5_32B_instruct_abliterated,60,s1_pain_vector,bottom,60, interested,-0.0704
